experiment,symptom,precision,recall,f1,tp,fp,fn,support
best_2_5,고열,0.7253363228699552,0.6239151398264223,0.6708138932089165,647,245,390,1037
best_2_5,구토,0.7106017191977078,0.555431131019037,0.623507228158391,496,202,397,893
best_2_5,두통,0.5346358792184724,0.5180722891566265,0.5262237762237763,301,262,280,581
best_2_5,복통,0.8466611706512778,0.758493353028065,0.8001558239189716,1027,186,327,1354
best_2_5,어지러움,0.6946254071661238,0.6732438831886346,0.6837675350701403,853,375,414,1267
best_2_5,열상,0.8664850136239782,0.9177489177489178,0.8913805185704274,636,98,57,693
best_2_5,오심,0.36027397260273974,0.3937125748502994,0.37625178826895567,263,467,405,668
best_2_5,전신쇠약,0.5676625659050967,0.608286252354049,0.5872727272727273,646,492,416,1062
best_2_5,호흡곤란,0.6854345165238678,0.7133757961783439,0.6991260923845194,560,257,225,785
context_2_7,고열,0.6946236559139785,0.6229508196721312,0.6568378240976106,646,284,391,1037
context_2_7,구토,0.6369268897149938,0.5755879059350504,0.6047058823529412,514,293,379,893
context_2_7,두통,0.48114630467571645,0.5490533562822719,0.5128617363344051,319,344,262,581
context_2_7,복통,0.8307692307692308,0.757754800590842,0.7925840092699884,1026,209,328,1354
context_2_7,어지러움,0.6637380191693291,0.6558800315706393,0.6597856292179436,831,421,436,1267
context_2_7,열상,0.8567493112947658,0.8975468975468975,0.8766737138830162,622,104,71,693
context_2_7,오심,0.328159645232816,0.4431137724550898,0.37707006369426754,296,606,372,668
context_2_7,전신쇠약,0.5244195356285029,0.6167608286252354,0.5668541756815232,655,594,407,1062
context_2_7,호흡곤란,0.6686674669867947,0.7095541401273885,0.688504326328801,557,276,228,785
best80_context20,고열,0.7296380090497737,0.6219864995178399,0.6715252472670484,645,239,392,1037
best80_context20,구토,0.6980337078651685,0.5565509518477044,0.6193146417445483,497,215,396,893
best80_context20,두통,0.533678756476684,0.53184165232358,0.5327586206896552,309,270,272,581
best80_context20,복통,0.8461538461538461,0.7555391432791728,0.7982832618025751,1023,186,331,1354
best80_context20,어지러움,0.6969446738232865,0.6661404893449092,0.6811945117029863,844,367,423,1267
best80_context20,열상,0.8684931506849315,0.9148629148629148,0.8910751932536893,634,96,59,693
best80_context20,오심,0.3516778523489933,0.39221556886227543,0.3708421797593772,262,483,406,668
best80_context20,전신쇠약,0.5674255691768827,0.6101694915254238,0.588021778584392,648,494,414,1062
best80_context20,호흡곤란,0.6916461916461917,0.7171974522292993,0.7041901188242652,563,251,222,785
