seed,experiment,symptom,precision,recall,f1,support,predicted_positive
42,w0_current_weight,고열,0.6956055734190782,0.6258437801350049,0.6588832487309645,1037,933
42,w0_current_weight,구토,0.6443037974683544,0.5699888017917133,0.6048722519310754,893,790
42,w0_current_weight,두통,0.5106035889070146,0.5387263339070568,0.52428810720268,581,613
42,w0_current_weight,복통,0.8233387358184765,0.7503692762186115,0.7851622874806801,1354,1234
42,w0_current_weight,어지러움,0.6690821256038647,0.6558800315706393,0.6624153049023516,1267,1242
42,w0_current_weight,열상,0.8737727910238429,0.898989898989899,0.8862019914651493,693,713
42,w0_current_weight,오심,0.3511988716502116,0.3727544910179641,0.3616557734204793,668,709
42,w0_current_weight,전신쇠약,0.5436241610738255,0.6101694915254238,0.5749778172138421,1062,1192
42,w0_current_weight,호흡곤란,0.6529209621993127,0.7261146496815286,0.6875753920386007,785,873
42,w1_targeted_low_recall_x125,고열,0.7025586353944563,0.6354869816779171,0.6673417721518987,1037,938
42,w1_targeted_low_recall_x125,구토,0.6472819216182049,0.5733482642777156,0.6080760095011877,893,791
42,w1_targeted_low_recall_x125,두통,0.4805389221556886,0.5524956970740104,0.5140112089671738,581,668
42,w1_targeted_low_recall_x125,복통,0.8210862619808307,0.7592319054652881,0.7889485801995395,1354,1252
42,w1_targeted_low_recall_x125,어지러움,0.6721958925750395,0.6716653512233622,0.6719305171733123,1267,1266
42,w1_targeted_low_recall_x125,열상,0.8532974427994616,0.9148629148629148,0.883008356545961,693,743
42,w1_targeted_low_recall_x125,오심,0.3256325632563256,0.4431137724550898,0.3753963221306278,668,909
42,w1_targeted_low_recall_x125,전신쇠약,0.5166023166023166,0.6299435028248588,0.5676707679253288,1062,1295
42,w1_targeted_low_recall_x125,호흡곤란,0.6557759626604434,0.7159235668789808,0.6845310596833131,785,857
123,w0_current_weight,고열,0.6741573033707865,0.6364513018322083,0.6547619047619048,1037,979
123,w0_current_weight,구토,0.6412121212121212,0.5923852183650616,0.6158323632130385,893,825
123,w0_current_weight,두통,0.5125628140703518,0.5266781411359724,0.5195246179966044,581,597
123,w0_current_weight,복통,0.820919175911252,0.7651403249630724,0.7920489296636085,1354,1262
123,w0_current_weight,어지러움,0.6445108289768484,0.681136543014996,0.6623177283192633,1267,1339
123,w0_current_weight,열상,0.8552097428958051,0.911976911976912,0.88268156424581,693,739
123,w0_current_weight,오심,0.33766233766233766,0.38922155688622756,0.3616133518776078,668,770
123,w0_current_weight,전신쇠약,0.559748427672956,0.5866290018832392,0.5728735632183908,1062,1113
123,w0_current_weight,호흡곤란,0.665868263473054,0.70828025477707,0.6864197530864198,785,835
123,w1_targeted_low_recall_x125,고열,0.6783144912641316,0.6364513018322083,0.6567164179104478,1037,973
123,w1_targeted_low_recall_x125,구토,0.6469849246231156,0.5767077267637178,0.6098283007696862,893,796
123,w1_targeted_low_recall_x125,두통,0.48923076923076925,0.5473321858864028,0.5166531275385865,581,650
123,w1_targeted_low_recall_x125,복통,0.8141945773524721,0.7540620384047267,0.7829754601226994,1354,1254
123,w1_targeted_low_recall_x125,어지러움,0.6572280178837556,0.6961325966850829,0.6761211192027596,1267,1342
123,w1_targeted_low_recall_x125,열상,0.8440860215053764,0.9062049062049062,0.8740431454418929,693,744
123,w1_targeted_low_recall_x125,오심,0.3182751540041068,0.46407185628742514,0.37758830694275275,668,974
123,w1_targeted_low_recall_x125,전신쇠약,0.5293172690763053,0.620527306967985,0.5713047247507586,1062,1245
123,w1_targeted_low_recall_x125,호흡곤란,0.65807962529274,0.7159235668789808,0.685784014643075,785,854
2026,w0_current_weight,고열,0.6707818930041153,0.6287367405978785,0.649079143852663,1037,972
2026,w0_current_weight,구토,0.6203143893591294,0.574468085106383,0.5965116279069768,893,827
2026,w0_current_weight,두통,0.5125628140703518,0.5266781411359724,0.5195246179966044,581,597
2026,w0_current_weight,복통,0.817246835443038,0.7629246676514032,0.7891520244461421,1354,1264
2026,w0_current_weight,어지러움,0.6664056382145653,0.6716653512233622,0.6690251572327044,1267,1277
2026,w0_current_weight,열상,0.8507462686567164,0.9047619047619048,0.8769230769230769,693,737
2026,w0_current_weight,오심,0.3382352941176471,0.3787425149700599,0.3573446327683616,668,748
2026,w0_current_weight,전신쇠약,0.578110383536015,0.5819209039548022,0.5800093852651338,1062,1069
2026,w0_current_weight,호흡곤란,0.6451612903225806,0.7133757961783439,0.677555958862674,785,868
2026,w1_targeted_low_recall_x125,고열,0.6842105263157895,0.626808100289296,0.6542526421741318,1037,950
2026,w1_targeted_low_recall_x125,구토,0.6416256157635468,0.5834266517357223,0.6111436950146627,893,812
2026,w1_targeted_low_recall_x125,두통,0.48307692307692307,0.540447504302926,0.5101543460601138,581,650
2026,w1_targeted_low_recall_x125,복통,0.813733228097869,0.7614475627769571,0.7867226249523083,1354,1267
2026,w1_targeted_low_recall_x125,어지러움,0.655946148092745,0.6921862667719021,0.67357910906298,1267,1337
2026,w1_targeted_low_recall_x125,열상,0.854251012145749,0.9134199134199135,0.8828451882845189,693,741
2026,w1_targeted_low_recall_x125,오심,0.31958762886597936,0.46407185628742514,0.3785103785103785,668,970
2026,w1_targeted_low_recall_x125,전신쇠약,0.5581988105352591,0.6186440677966102,0.5868691380080393,1062,1177
2026,w1_targeted_low_recall_x125,호흡곤란,0.6491428571428571,0.7235668789808917,0.6843373493975904,785,875
