call_id,gender,caller_seconds,overlap_pair_seconds,label_mismatch,review_status,actual_speaker_matches_label,notes
90b008a032acec0569bc16d1962d8df2b87912941354822c5f541ca6c4c50f20,F,6.635,5.127000000000004,False,pending,,
fe5a66f9dd74e712f7334b5b0abf3247a5169423937237779c48f1452661c8f6,M,10.836,7.715999999999997,False,pending,,
eb393cc8a61f289f65776979d32e3fe169604389a61fe6cfca6e12ae3e21a35f,F,4.917,3.1499999999999932,False,pending,,
b495bc7c421ba22ac1bdb5e9a8693977b034f982bb898af720cac4d3bf6051b1,F,26.94,16.717000000000013,False,pending,,
eba723af68dac2a91d364cece7f9214b06ad99fa694670a9ec391e4a8ab85e0d,M,15.861,9.527000000000005,False,pending,,
69eb75de645bff9407a9cafca6fc39cd45920fe2f4e6b0e3d8e0596dfcb99c56,F,0.872,0.5129999999999981,False,pending,,
1fce8dcbd3cf68ff40f9c713bf7222e54825c5e85504983f4646c0a17853c355,M,18.37,10.596999999999994,False,pending,,
2fdbc8f06df6321c17bbbc17ceaaf0e3caf0e5b6eee87f21293845ef91bcc7b0,F,15.302,8.270999999999999,False,pending,,
c348ede6f1ca1d92c38717e17630bb84e7299c469181793dbc3d322ea688d250,M,11.76,6.2609999999999815,False,pending,,
b34d28b6a1dd6858ad004eea0c01e8db0e80713c07eda9956abf5b6ce04d956c,F,23.595,12.190000000000005,False,pending,,
d158e1db7667a8bc80b83c61cb6cb714d8704dc16b7acd8bedc5d6ea0f31ba8b,M,5.501,2.817999999999998,False,pending,,
985ea84420a1aeffd32daf4eb245bcc54e14cb1799b2aa8a33e4c62425949c9b,M,28.005,14.221000000000005,False,pending,,
0dbf801814d4dd249b72616a52f111c68e16a62982899ffd8fb1fcec7cc52dc4,F,13.192,6.561000000000001,False,pending,,
fec1f4a241d776087fe9e951b7b9ec6d8b1e898467868b58f7ad4f81b4b9f7a6,F,25.456,12.565000000000003,False,pending,,
8c841d558b1dc6727052974ee63817bc5a50bd4b07886ea381ac1efdf82a72c5,M,22.668,11.162999999999997,False,pending,,
84ebd0ad431e125f7e67899ed11cad9503cf7ab3aafeb2e6abc501e579431353,M,10.904,5.350999999999997,False,pending,,
b9021b89f1cd00a100296def26847debe85029a377326c0dcdce724439e6da95,F,31.215,15.277999999999988,False,pending,,
92d7115f9f2f4eba44e2e299714878c9a73685fa5dfcb296e452a588a1df44ed,F,27.79,13.491,False,pending,,
d5ef60e41965dd229eaf5a47b80243593c4d52194bf9a33efd2c2091bc518c4d,F,18.323,8.794000000000006,False,pending,,
0039857d966a6350de2573ca9965405f7fef870d58af6a35fde1b462b450e115,F,26.301,12.582,False,pending,,
4f4f1f90b1d11faaa83c423fd2383a017cf1a70eaf7d156a00884a35980e9e70,F,63.49,30.122,False,pending,,
e6c5337ba455830cd32249c858896def76cc103150b79e35a2b483153faa0c33,M,44.012,20.878000000000007,False,pending,,
78dae687504de15971f3fe2907da75d29b26c1dcb3e39a7ddbcfdcd6353ff0d3,F,28.893,13.686999999999992,False,pending,,
bfef77416d97e02da417434936d7ac0357f30b3c215e1f58976e7cc66c40c0fb,F,28.729,13.569999999999993,False,pending,,
0b16418d43fccc5541d5e461d76c6d4c9212335706e6704bd0c5fddf0419ee0d,F,1.097,0.012000000000000455,False,pending,,
84f846dc293c53c317f7c05e47a444ba5cd1122a8b4ff86fc75f2697009516ba,M,1.134,0,False,pending,,
2da4491a9660abf5641ae9704781c77d984c6fb9e513d8f347681008c7ed8b78,M,1.959,0.8370000000000015,False,pending,,
b3b845c90f54d6c849f50237f7e89b2838f25b0ea3b78a2a5e7429ab5e60cea4,M,1.977,0.12700000000000244,False,pending,,
026054cdd1b488994fa500fc2c93486e17d391878f9752ca68da958d27346556,M,2.125,0,False,pending,,
242859f8a9996d9d3715d4bd4f1bd472e6f2017993de007bd25a4b098891d806,F,2.246,0.20199999999999996,False,pending,,
73cee80e483db67377f9aa38f7d53c5029d8a5e82097f56eddccce94e77d2a09,F,2.698,0.09299999999999997,False,pending,,
bcc200df1e4df22232c2153fe72591b1b0987becf1c54368a45203b48f0fecb8,F,2.965,0.17800000000000082,False,pending,,
ddc9322852eb2f86b6041d9e658a2795cc27511923c64afeb89f4567bdb126f2,M,2.982,0.355000000000004,False,pending,,
6a13006047b4e7ea282b1b955446e2bee3dd8263187ed5fb45afbb8f7372b3d1,M,3.114,0,False,pending,,
99f05784ca25a8cdf3e6c0edc3167cecbdb7c9b12f7836ee06da505ed1a1e3c6,M,3.286,0.6130000000000013,False,pending,,
bb427c2a32abaab79b5c9c42994c68459b3bef728e7ca09ac2bac7f8b42c9f00,F,40.645,5.860000000000001,False,pending,,
cf699d4ac5c64161b735b9080d7c71f8184adc3e72e515ca95023409ea867b68,M,19.174,2.5479999999999965,False,pending,,
981eec616fe8b1611b40b8137defe987d234f6e51e0f604824416276c5e79de2,M,19.464,3.172999999999993,False,pending,,
d1d5884d6b193702e87f52a47261addcc90009257d6aded407245d25bea51ee6,M,32.845,2.7379999999999947,False,pending,,
3582d1889112eadf0079d6c79530672787102bbddc7ba8131f8fd61e4c3f7a58,F,19.743,2.208999999999996,False,pending,,
cb0e018039073ab5287bfa1ab37dd351c5606ef5a346c1fe44e7eaffa12bef49,F,46.313,0.49499999999999744,False,pending,,
6879fb36893c81226cf87b32d891441b0b383b0f138911e107c6a64a0975d350,M,36.479,3.1400000000000143,False,pending,,
b34cd19566968dcebc57194ce21771048b5f5354c15410a8d4f80df4b1be8efb,M,23.503,1.2789999999999981,False,pending,,
d7aa3a661badd88605be981b75732c98740b7160ebcaa658a17bb0750b16c6e8,M,26.074,0.1700000000000017,False,pending,,
0a627c2d14532399c48c221d15cdd7a0a7aa2469ea5338824fe1637339892078,F,15.97,0.019000000000000128,False,pending,,
501067a533bac568513bdf53ad5182dc48b058084ca94e4c9831e47017a4e6b5,M,23.241,1.4289999999999985,False,pending,,
5d8b9356dbcb33c2e39af498269fa3a4d93c76c8fca4a68cdbfaba564456a87a,M,17.203,1.4499999999999997,False,pending,,
