symptom,historical_w1_precision,new_precision,historical_w1_recall,new_recall,historical_w1_f1,new_f1
고열,0.7025586353944563,0.7075268817204301,0.6354869816779171,0.6345226615236258,0.6673417721518987,0.6690391459074733
구토,0.6472819216182049,0.6400996264009963,0.5733482642777156,0.5755879059350504,0.6080760095011877,0.6061320754716981
두통,0.4805389221556886,0.49617151607963245,0.5524956970740104,0.5576592082616179,0.5140112089671738,0.5251215559157212
복통,0.8210862619808307,0.822866344605475,0.7592319054652881,0.7548005908419497,0.7889485801995395,0.7873651771956857
어지러움,0.6721958925750395,0.6696428571428571,0.6716653512233622,0.6511444356748224,0.6719305171733123,0.6602641056422569
열상,0.8532974427994616,0.8630705394190872,0.9148629148629148,0.9004329004329005,0.883008356545961,0.8813559322033898
오심,0.3256325632563256,0.31596091205211724,0.4431137724550898,0.4356287425149701,0.3753963221306278,0.3662680931403398
전신쇠약,0.5166023166023166,0.5295974743488555,0.6299435028248588,0.6318267419962336,0.5676707679253288,0.5762129669386002
호흡곤란,0.6557759626604434,0.6674556213017752,0.7159235668789808,0.7184713375796178,0.6845310596833131,0.6920245398773006
