experiment,symptom,precision,recall,f1,support,predicted_positive
B_reference,고열,0.7081967213114754,0.6248794599807136,0.6639344262295082,1037,915
B_reference,구토,0.6919945725915875,0.5711086226203808,0.6257668711656442,893,737
B_reference,두통,0.5114754098360655,0.5370051635111877,0.5239294710327456,581,610
B_reference,복통,0.8261217948717948,0.7614475627769571,0.792467332820907,1354,1248
B_reference,어지러움,0.67421875,0.681136543014996,0.6776599921476246,1267,1280
B_reference,열상,0.853494623655914,0.9163059163059163,0.883785664578984,693,744
B_reference,오심,0.3340832395950506,0.44461077844311375,0.3815028901734104,668,889
B_reference,전신쇠약,0.55,0.6214689265536724,0.583554376657825,1062,1200
B_reference,호흡곤란,0.6726403823178017,0.7171974522292993,0.6942046855733662,785,837
T0_unweighted,고열,0.8422090729783037,0.4117647058823529,0.5531088082901554,1037,507
T0_unweighted,구토,0.7818791946308725,0.2609182530795073,0.39126784214945426,893,298
T0_unweighted,두통,0.7297297297297297,0.13941480206540446,0.23410404624277456,581,111
T0_unweighted,복통,0.9204927211646137,0.6070901033973413,0.7316421895861148,1354,893
T0_unweighted,어지러움,0.8227474150664698,0.43962115232833465,0.573045267489712,1267,677
T0_unweighted,열상,0.8977695167286245,0.696969696969697,0.784727863525589,693,538
T0_unweighted,오심,0.3469387755102041,0.025449101796407185,0.04741980474198047,668,49
T0_unweighted,전신쇠약,0.7142857142857143,0.263653483992467,0.38514442916093533,1062,392
T0_unweighted,호흡곤란,0.7734939759036145,0.4089171974522293,0.535,785,415
T1_weighted,고열,0.7247340425531915,0.5255544840887174,0.6092789267747345,1037,752
T1_weighted,구토,0.689908256880734,0.42105263157894735,0.5229485396383866,893,545
T1_weighted,두통,0.58,0.29948364888123924,0.39500567536889897,581,300
T1_weighted,복통,0.873453853472883,0.6779911373707533,0.7634095634095635,1354,1051
T1_weighted,어지러움,0.7343251859723698,0.5453827940015785,0.6259057971014492,1267,941
T1_weighted,열상,0.8393113342898135,0.8441558441558441,0.841726618705036,693,697
T1_weighted,오심,0.4012345679012346,0.19461077844311378,0.2620967741935484,668,324
T1_weighted,전신쇠약,0.5822328931572629,0.4566854990583804,0.5118733509234829,1062,833
T1_weighted,호흡곤란,0.6989079563182528,0.5707006369426751,0.6283309957924264,785,641
B80_T0_20,고열,0.7336448598130841,0.6055930568948891,0.6634970945589013,1037,856
B80_T0_20,구토,0.7140740740740741,0.5397536394176932,0.6147959183673469,893,675
B80_T0_20,두통,0.5541044776119403,0.5111876075731497,0.5317815577439571,581,536
B80_T0_20,복통,0.8529411764705882,0.7496307237813885,0.7979559748427673,1354,1190
B80_T0_20,어지러움,0.7046413502109705,0.659037095501184,0.6810766721044046,1267,1185
B80_T0_20,열상,0.8715469613259669,0.9105339105339105,0.8906139731827806,693,724
B80_T0_20,오심,0.3796875,0.36377245508982037,0.37155963302752293,668,640
B80_T0_20,전신쇠약,0.5820348304307974,0.5979284369114878,0.5898745935903391,1062,1091
B80_T0_20,호흡곤란,0.6960907944514502,0.7031847133757961,0.6996197718631179,785,793
B80_T1_20,고열,0.7253363228699552,0.6239151398264223,0.6708138932089165,1037,892
B80_T1_20,구토,0.7106017191977078,0.555431131019037,0.623507228158391,893,698
B80_T1_20,두통,0.5346358792184724,0.5180722891566265,0.5262237762237763,581,563
B80_T1_20,복통,0.8466611706512778,0.758493353028065,0.8001558239189716,1354,1213
B80_T1_20,어지러움,0.6946254071661238,0.6732438831886346,0.6837675350701403,1267,1228
B80_T1_20,열상,0.8664850136239782,0.9177489177489178,0.8913805185704274,693,734
B80_T1_20,오심,0.36027397260273974,0.3937125748502994,0.37625178826895567,668,730
B80_T1_20,전신쇠약,0.5676625659050967,0.608286252354049,0.5872727272727273,1062,1138
B80_T1_20,호흡곤란,0.6854345165238678,0.7133757961783439,0.6991260923845194,785,817
