symptom,precision,recall,f1,support,predicted_positive,experiment,TP,FP,FN
고열,0.6880829015544041,0.6403085824493732,0.6633366633366633,1037,965,c0_first512,664,301,373
구토,0.6268115942028986,0.5811870100783875,0.6031377106333528,893,828,c0_first512,519,309,374
두통,0.5051020408163265,0.5111876075731497,0.5081266039349872,581,588,c0_first512,297,291,284
복통,0.8173153296266878,0.759970457902511,0.7876004592422503,1354,1259,c0_first512,1029,230,325
어지러움,0.6864197530864198,0.6582478295185478,0.6720386784850927,1267,1215,c0_first512,834,381,433
열상,0.8609179415855355,0.8932178932178932,0.876770538243626,693,719,c0_first512,619,100,74
오심,0.3510928961748634,0.3847305389221557,0.36714285714285716,668,732,c0_first512,257,475,411
전신쇠약,0.5404290429042904,0.6167608286252354,0.5760773966578716,1062,1212,c0_first512,655,557,407
호흡곤란,0.6654970760233918,0.7248407643312101,0.6939024390243902,785,855,c0_first512,569,286,216
고열,0.68580375782881,0.6335583413693346,0.6586466165413534,1037,958,c1_headtail,657,301,380
구토,0.617096018735363,0.5901455767077267,0.6033199771036062,893,854,c1_headtail,527,327,366
두통,0.5041876046901173,0.5180722891566265,0.5110356536502547,581,597,c1_headtail,301,296,280
복통,0.8189102564102564,0.7548005908419497,0.7855495772482706,1354,1248,c1_headtail,1022,226,332
어지러움,0.6788321167883211,0.6606156274664562,0.6696,1267,1233,c1_headtail,837,396,430
열상,0.8573388203017832,0.9018759018759018,0.8790436005625879,693,729,c1_headtail,625,104,68
오심,0.3514246947082768,0.38772455089820357,0.3686832740213523,668,737,c1_headtail,259,478,409
전신쇠약,0.5456053067993366,0.6195856873822976,0.5802469135802469,1062,1206,c1_headtail,658,548,404
호흡곤란,0.6607981220657277,0.7171974522292993,0.6878436163714111,785,852,c1_headtail,563,289,222
