symptom,w0_precision,new_precision,w0_recall,new_recall,w0_f1,new_f1
고열,0.6956055734190782,0.6943556975505857,0.6258437801350049,0.6287367405978785,0.6588832487309645,0.659919028340081
구토,0.6443037974683544,0.6377171215880894,0.5699888017917133,0.5755879059350504,0.6048722519310754,0.6050618010594467
두통,0.5106035889070146,0.5134228187919463,0.5387263339070568,0.5266781411359724,0.52428810720268,0.5199660152931181
복통,0.8233387358184765,0.8275020341741253,0.7503692762186115,0.7511078286558346,0.7851622874806801,0.7874564459930313
어지러움,0.6690821256038647,0.6640190627482129,0.6558800315706393,0.65982636148382,0.6624153049023516,0.6619160728424386
열상,0.8737727910238429,0.8650904033379694,0.898989898989899,0.8975468975468975,0.8862019914651493,0.8810198300283286
오심,0.3511988716502116,0.3223052294557097,0.3727544910179641,0.45209580838323354,0.3616557734204793,0.3763239875389408
전신쇠약,0.5436241610738255,0.5306122448979592,0.6101694915254238,0.6120527306967984,0.5749778172138421,0.5684302579798863
호흡곤란,0.6529209621993127,0.6543778801843319,0.7261146496815286,0.7235668789808917,0.6875753920386007,0.6872353297035693
